,,,,,,,Spring 2021,Spring 2022,Spring 2023,Spring 2024,Spring 2025,Description,,,,,,,,,,,,,,,,,,,
Program's School,Department,Program Name,Concentration,Credential,OHE,CIP,N,N,N,N,N,"The university total enrollment rose slightly from 9,629 in Spring 2021 to 10,039 in Spring 2025, a 4% gain. The largest single jump comes from Non-Matriculated undergraduates, swelling from 185 to 977, which drives the big increase in the “No-School/Shared” bucket.

Within the College of Arts & Social Sciences, enrollment slipped from 2,702 to 2,386 (a 12% drop). Growth was strongest in Art Education (35 ? 55) and in Theatre BFA–Performance (3 ? 20), while long-standing majors like Criminology (503 ? 412), Psychological Science (565 ? 481), Economics (84 ? 49), and English (87 ? 76) declined. History showed mixed signals, with the BA falling (76 ? 62) but the BS-Teach track rising (84 ? 87).

The School of Business remained broadly stable, sliding only 3% (1,661 ? 1,605). Finance redistributed internally, with “General Finance” booming 16 ? 116 even as the base program shrank. MIS nearly doubled (50 ? 90), Marketing held steady (260 ? 248), and the MBA remained resilient (175 ? 155). However, Management saw notable erosion (General Management 153 ? 83). New joint programs, like Business (203 students by 2025) and Business Analytics (55 by 2025), show fresh areas of growth.

The School of Education contracted from 922 to 786 (a 15% decline). The biggest loss was in Educational Leadership SYC (244 ? 176), while the EdD programs held steady. Elementary Education BS-Teach dipped from 253 to 224 but rebounded slightly in the final year. Reading and Language Arts MS fell (44 ? 30). Special Education programs were restructured: the old “International Certification” track dropped 118 ? 3, while a new Initial Certification track enrolled 97 students by 2025.

In Health & Rehabilitation Sciences, enrollment climbed from 1,210 to 1,449 (+20%). Nursing BSN grew sharply (225 ? 437), and Nurse Anesthesia DNAP entry-level rose (59 ? 88). Exercise Science shifted, with the base major shrinking but new concentrations in Health Sciences and Strength & Conditioning each exceeding 80 students by 2025.

STEM and Engineering fields stayed broadly stable, moving from 2,606 to 2,542. Computer Science showed declines in the base BS (222 ? 75) but massive new growth in Cybersecurity and Software Engineering tracks, including CSC-Alternative Cybersecurity (20 ? 59) and CS-Honors (62 ? 99 before dipping to 50). Engineering held steady overall, with Civil (85 ? 108) and Mechanical Aerospace (26 ? 51) offsetting other dips. Construction Management BS also rebounded (209 by 2025).",,,,,,,,,,,,,,,,,,,
Arts & Social Sciences,Art & Design,Art,,BA,02519,500701,37,40,51,49,50,,,,,,,,,,,,,,,,,,,,
Arts & Social Sciences,Art & Design,Art Education,,BS-Teach,00054,131302,35,37,45,54,55,,,,,,,,,,,,,,,,,,,,
Arts & Social Sciences,Art & Design,Art Education,,GRADCERT,10167,131302,11,11,9,14,16,,,,,,,,,,,,,,,,,,,,
Arts & Social Sciences,Art & Design,Art Education,,MS,00055,131302,11,7,11,14,10,,,,,,,,,,,,,,,,,,,,
Arts & Social Sciences,Art & Design,Graphic/Information Design,,BA,07020,500401,136,138,146,132,124,,,,,,,,,,,,,,,,,,,,
Arts & Social Sciences,Art & Design,Information Design,,MA,06297,500401,9,7,4,3,,,,,,,,,,,,,,,,,,,,,
Arts & Social Sciences,Communication,Media Studies,,BA,18099,090102,9,4,5,3,5,,,,,,,,,,,,,,,,,,,,
Arts & Social Sciences,Communication,Media Studies,Digital Filmkng & Telvsn Prodc,BA,18099,090102,50,55,63,57,41,,,,,,,,,,,,,,,,,,,,
Arts & Social Sciences,Communication,Media Studies,Media Analysis,BA,18099,090102,11,18,15,11,13,,,,,,,,,,,,,,,,,,,,
Arts & Social Sciences,Communication,Media Studies,Multimedia Prodctn & New Techn,BA,18099,090102,27,14,18,13,13,,,,,,,,,,,,,,,,,,,,
Arts & Social Sciences,Communication,Public Relations/Promotions,,OCP,14632,090902,,,2,2,1,,,,,,,,,,,,,,,,,,,,
Arts & Social Sciences,Communication,Strategic Communication,,BA,18107,090900,16,6,3,9,14,,,,,,,,,,,,,,,,,,,,
Arts & Social Sciences,Communication,Strategic Communication,,MS,02522,090901,25,17,16,25,21,,,,,,,,,,,,,,,,,,,,
Arts & Social Sciences,Communication,Strategic Communication,Organizational Communication,BA,18107,090900,54,58,50,41,40,,,,,,,,,,,,,,,,,,,,
Arts & Social Sciences,Communication,Strategic Communication,Public Relations/Promotions,BA,18107,090900,67,80,76,59,54,,,,,,,,,,,,,,,,,,,,
Arts & Social Sciences,Criminology & Criminal Justice,Advanced Detective Certificate,,OCP,19979,430114,9,8,5,5,4,,,,,,,,,,,,,,,,,,,,
Arts & Social Sciences,Criminology & Criminal Justice,Criminal Justice,,MS,02965,430104,19,25,32,35,25,,,,,,,,,,,,,,,,,,,,
Arts & Social Sciences,Criminology & Criminal Justice,Criminal Justice Administration,,MA,22064,430103,,,,,10,,,,,,,,,,,,,,,,,,,,
Arts & Social Sciences,Criminology & Criminal Justice,Criminology,,BA,03127,450401,503,440,403,411,412,,,,,,,,,,,,,,,,,,,,
Arts & Social Sciences,Criminology & Criminal Justice,Detective Certificate,,C1,19982,430114,5,3,2,3,1,,,,,,,,,,,,,,,,,,,,
Arts & Social Sciences,Criminology & Criminal Justice,Forensic Counseling,,OCP,22216,422812,,,,,1,,,,,,,,,,,,,,,,,,,,
Arts & Social Sciences,Criminology & Criminal Justice,Victim Advocacy,,OCP,22229,440201,,,,,2,,,,,,,,,,,,,,,,,,,,
Arts & Social Sciences,Economics,Economics,,BA,00104,450601,84,78,71,50,49,,,,,,,,,,,,,,,,,,,,
Arts & Social Sciences,Economics,Economics,General Economics,BA,00104,450601,1,1,,1,,,,,,,,,,,,,,,,,,,,,
Arts & Social Sciences,English,Applied Linguistics,,MA,00070,131401,,1,1,1,1,,,,,,,,,,,,,,,,,,,,
Arts & Social Sciences,English,Applied Linguistics,Language Policy & Planning,MA,00070,131401,,2,3,3,1,,,,,,,,,,,,,,,,,,,,
Arts & Social Sciences,English,Applied Linguistics,Tesol,MA,00070,131401,19,15,18,8,5,,,,,,,,,,,,,,,,,,,,
Arts & Social Sciences,English,English,,BA,00079,230101,87,86,87,78,76,,,,,,,,,,,,,,,,,,,,
Arts & Social Sciences,English,English,,BS-Teach,00079,230101,51,47,45,45,48,,,,,,,,,,,,,,,,,,,,
Arts & Social Sciences,English,English,,GRADCERT,10605,230101,2,5,3,2,4,,,,,,,,,,,,,,,,,,,,
Arts & Social Sciences,English,English,,MA,00080,230101,2,1,1,2,1,,,,,,,,,,,,,,,,,,,,
Arts & Social Sciences,English,English,English,BS-Teach,00079,230101,1,,,,,,,,,,,,,,,,,,,,,,,,
Arts & Social Sciences,English,English,Literary Studies Track,MA,00080,230101,8,7,7,10,6,,,,,,,,,,,,,,,,,,,,
Arts & Social Sciences,English,English,Track for Teachers,MA,00080,230101,3,5,8,7,8,,,,,,,,,,,,,,,,,,,,
Arts & Social Sciences,English,Teaching English to Speakers of Other Languages,,GRADCERT,10609,131401,12,10,12,18,16,,,,,,,,,,,,,,,,,,,,
Arts & Social Sciences,English,Teaching English to Speakers of Other Languages,,OCP,15703,131401,4,2,2,2,1,,,,,,,,,,,,,,,,,,,,
Arts & Social Sciences,"Geography, Anthropology, & Tourism",Anthropology,,BA,00103,450201,31,26,27,18,18,,,,,,,,,,,,,,,,,,,,
Arts & Social Sciences,"Geography, Anthropology, & Tourism",Geography,,BA,00105,450701,3,1,1,1,,,,,,,,,,,,,,,,,,,,,
Arts & Social Sciences,"Geography, Anthropology, & Tourism",Geography,,MS,00106,450701,8,5,3,2,6,,,,,,,,,,,,,,,,,,,,
Arts & Social Sciences,"Geography, Anthropology, & Tourism",Geography,Envirnmntl Geog & Sustnblty,BA,00105,450701,3,5,7,8,6,,,,,,,,,,,,,,,,,,,,
Arts & Social Sciences,"Geography, Anthropology, & Tourism",Geography,Environmental Geography,BA,00105,450701,2,1,1,1,1,,,,,,,,,,,,,,,,,,,,
Arts & Social Sciences,"Geography, Anthropology, & Tourism",Geography,General Regional Geography,BA,00105,450701,3,3,,4,3,,,,,,,,,,,,,,,,,,,,
Arts & Social Sciences,"Geography, Anthropology, & Tourism",Geography,Geographic Information Science,BA,00105,450701,9,6,8,7,11,,,,,,,,,,,,,,,,,,,,
Arts & Social Sciences,"Geography, Anthropology, & Tourism",Geography,Geography - Planning,BA,00105,450701,6,5,4,6,5,,,,,,,,,,,,,,,,,,,,
Arts & Social Sciences,"Geography, Anthropology, & Tourism",Geography,Global Sustainability,MS,00106,450701,4,4,2,1,4,,,,,,,,,,,,,,,,,,,,
Arts & Social Sciences,"Geography, Anthropology, & Tourism",Geography,Tourism,BA,00105,450701,1,1,1,2,1,,,,,,,,,,,,,,,,,,,,
Arts & Social Sciences,"Geography, Anthropology, & Tourism",Tourism & Hospitality Studies,,BS,04091,520901,40,36,29,21,26,,,,,,,,,,,,,,,,,,,,
Arts & Social Sciences,History,History,,BA,00107,540101,76,77,73,62,62,,,,,,,,,,,,,,,,,,,,
Arts & Social Sciences,History,History,,BS-Teach,00107,540101,84,62,81,73,87,,,,,,,,,,,,,,,,,,,,
Arts & Social Sciences,History,History,,GRADCERT,10172,540101,3,5,9,8,13,,,,,,,,,,,,,,,,,,,,
Arts & Social Sciences,History,History,,MA,00108,540101,11,6,12,11,11,,,,,,,,,,,,,,,,,,,,
Arts & Social Sciences,History,History,Teacher Education,BS-Teach,00107,540101,,,,1,,,,,,,,,,,,,,,,,,,,,
Arts & Social Sciences,History,Public History,,MA,09702,540105,14,13,16,16,17,,,,,,,,,,,,,,,,,,,,
Arts & Social Sciences,Journalism,Journalism,,BA,15031,090401,33,18,9,5,8,,,,,,,,,,,,,,,,,,,,
Arts & Social Sciences,Journalism,Journalism,Broadcast Sequence,BA,15031,090401,7,14,12,9,7,,,,,,,,,,,,,,,,,,,,
Arts & Social Sciences,Journalism,Journalism,Print/Digital Sequence,BA,15031,090401,7,6,12,10,12,,,,,,,,,,,,,,,,,,,,
Arts & Social Sciences,Journalism,Journalism,Sports Sequence,BA,15031,090401,10,10,11,18,15,,,,,,,,,,,,,,,,,,,,
Arts & Social Sciences,Music,Music,,BA,02608,500901,1,2,1,2,2,,,,,,,,,,,,,,,,,,,,
Arts & Social Sciences,Music,Music,Flexible Music,BA,02608,500901,,,,2,7,,,,,,,,,,,,,,,,,,,,
Arts & Social Sciences,Music,Music,General Studies,BA,02608,500901,,2,3,4,,,,,,,,,,,,,,,,,,,,,
Arts & Social Sciences,Music,Music,Jazz Studies,BA,02608,500901,,,1,3,1,,,,,,,,,,,,,,,,,,,,
Arts & Social Sciences,Music,Music,Music Technology,BA,02608,500901,,,,1,4,,,,,,,,,,,,,,,,,,,,
Arts & Social Sciences,Music,Music,Performance,BA,02608,500901,4,4,3,3,3,,,,,,,,,,,,,,,,,,,,
Arts & Social Sciences,Music,Music,Theory & Composition,BA,02608,500901,3,4,5,3,4,,,,,,,,,,,,,,,,,,,,
Arts & Social Sciences,Music,Music Education,,BS-Teach,00062,131312,25,24,19,26,20,,,,,,,,,,,,,,,,,,,,
Arts & Social Sciences,Music,Music Education,,GRADCERT,10174,131312,3,2,3,2,1,,,,,,,,,,,,,,,,,,,,
Arts & Social Sciences,Music,Music Education,,MS,00063,131312,2,5,,,,,,,,,,,,,,,,,,,,,,,
Arts & Social Sciences,Music,Music Education,,Post-Master's Study,88888,,1,,,,,,,,,,,,,,,,,,,,,,,,
Arts & Social Sciences,Philosophy,Philosophy,,BA,00088,380101,13,11,4,10,9,,,,,,,,,,,,,,,,,,,,
Arts & Social Sciences,Philosophy,Philosophy,Philosophy -  General,BA,00088,380101,,,,1,1,,,,,,,,,,,,,,,,,,,,
Arts & Social Sciences,Philosophy,Philosophy,"Social Justice, Ethics, & Law",BA,00088,380101,,1,,1,1,,,,,,,,,,,,,,,,,,,,
Arts & Social Sciences,Political Science,Political Science,,BA,00109,451001,37,18,14,14,12,,,,,,,,,,,,,,,,,,,,
Arts & Social Sciences,Political Science,Political Science,Political Science: General,BA,00109,451001,30,27,29,34,37,,,,,,,,,,,,,,,,,,,,
Arts & Social Sciences,Political Science,Political Science,PS-Legal Studies,BA,00109,451001,27,28,39,36,43,,,,,,,,,,,,,,,,,,,,
Arts & Social Sciences,Political Science,Political Science,Public Administration,BA,00109,451001,9,8,5,2,1,,,,,,,,,,,,,,,,,,,,
Arts & Social Sciences,Political Science,Political Science,Public Policy and Management,BA,00109,451001,,,,4,5,,,,,,,,,,,,,,,,,,,,
Arts & Social Sciences,Psychological Science,Gerontology,,OCP,18714,190702,3,1,1,,,,,,,,,,,,,,,,,,,,,,
Arts & Social Sciences,Psychological Science,Psychological Science,,BA,00098,420101,565,528,505,488,481,,,,,,,,,,,,,,,,,,,,
Arts & Social Sciences,Psychological Science,Psychological Science,Clinical Professional Counslng,BA,00098,420101,1,1,,,,,,,,,,,,,,,,,,,,,,,
Arts & Social Sciences,Psychological Science,Psychological Science,Community Psychology,BA,00098,420101,,,,,1,,,,,,,,,,,,,,,,,,,,
Arts & Social Sciences,Psychological Science,Psychological Science,General Psychology,BA,00098,420101,,,,,1,,,,,,,,,,,,,,,,,,,,
Arts & Social Sciences,Psychological Science,Psychological Science,Management Information Systems,BA,00098,420101,1,1,,,,,,,,,,,,,,,,,,,,,,,
Arts & Social Sciences,Psychological Science,Psychology,Community Psychology,MA,00099,420101,8,5,3,7,7,,,,,,,,,,,,,,,,,,,,
Arts & Social Sciences,Psychological Science,Psychology,General Psychology,MA,00099,420101,13,14,15,22,23,,,,,,,,,,,,,,,,,,,,
Arts & Social Sciences,Psychological Science,Psychology,Health Psychology,MA,00099,420101,28,27,17,15,16,,,,,,,,,,,,,,,,,,,,
Arts & Social Sciences,Sociology,Sociology,,BA,00110,451101,88,73,69,88,77,,,,,,,,,,,,,,,,,,,,
Arts & Social Sciences,Theatre,Theatre,,BA,00111,500501,26,20,18,15,14,,,,,,,,,,,,,,,,,,,,
Arts & Social Sciences,Theatre,Theatre,,BFA,00111,500501,,,,1,,,,,,,,,,,,,,,,,,,,,
Arts & Social Sciences,Theatre,Theatre,Performance,BFA,00111,500501,3,12,9,11,20,,,,,,,,,,,,,,,,,,,,
Arts & Social Sciences,Theatre,Theatre,"Technology, Design & Productn",BFA,00111,500501,11,9,6,6,9,,,,,,,,,,,,,,,,,,,,
Arts & Social Sciences,"World Languages, Literatures, & Cultures",French,,BA,00073,160901,2,,1,1,1,,,,,,,,,,,,,,,,,,,,
Arts & Social Sciences,"World Languages, Literatures, & Cultures",French,,BS-Teach,00073,160901,1,,,,,,,,,,,,,,,,,,,,,,,,
Arts & Social Sciences,"World Languages, Literatures, & Cultures","French, German, Italian & Spanish",,GRADCERT,10171,131306,3,7,8,7,11,,,,,,,,,,,,,,,,,,,,
Arts & Social Sciences,"World Languages, Literatures, & Cultures",German,,BA,00072,160501,1,1,,,,,,,,,,,,,,,,,,,,,,,
Arts & Social Sciences,"World Languages, Literatures, & Cultures",Italian,,BA,00075,160902,3,3,1,1,2,,,,,,,,,,,,,,,,,,,,
Arts & Social Sciences,"World Languages, Literatures, & Cultures",Italian,,BS-Teach,00075,160902,2,1,1,1,,,,,,,,,,,,,,,,,,,,,
Arts & Social Sciences,"World Languages, Literatures, & Cultures",World Languages,,MA,00074,160101,,2,1,2,11,,,,,,,,,,,,,,,,,,,,
Arts & Social Sciences,"World Languages, Literatures, & Cultures",World Languages,,MA,18263,160101,19,19,13,9,,,,,,,,,,,,,,,,,,,,,
Arts & Social Sciences,"World Languages, Literatures, & Cultures",World Languages,Hispano N.A. Univ: Span L&C,MA,00074,160101,,,,,1,,,,,,,,,,,,,,,,,,,,
Arts & Social Sciences,"World Languages, Literatures, & Cultures",World Languages,Hispano N.A. Univ:Span L&C,MA,00074,160101,8,6,5,3,,,,,,,,,,,,,,,,,,,,,
Arts & Social Sciences,"World Languages, Literatures, & Cultures",World Languages,Ital.or Span. for Cert. Tchers,MA,00074,160101,4,,,,,,,,,,,,,,,,,,,,,,,,
Arts & Social Sciences,"World Languages, Literatures, & Cultures",World Languages,Italian,MA,00074,160101,1,1,1,,,,,,,,,,,,,,,,,,,,,,
Arts & Social Sciences,"World Languages, Literatures, & Cultures",World Languages,Spanish,MA,00074,160101,2,2,2,1,6,,,,,,,,,,,,,,,,,,,,
Arts & Social Sciences,"World Languages, Literatures, & Cultures",World Languages,Spanish (Online),MA,00074,160101,1,1,2,,,,,,,,,,,,,,,,,,,,,,
Arts & Social Sciences,"World Languages, Literatures, & Cultures",Spanish,,BA,00076,160905,11,5,4,4,1,,,,,,,,,,,,,,,,,,,,
Arts & Social Sciences,"World Languages, Literatures, & Cultures",Spanish,,BS-Teach,00076,160905,10,14,18,16,13,,,,,,,,,,,,,,,,,,,,
Arts & Social Sciences,"World Languages, Literatures, & Cultures",Spanish,Inter-University Spanish Lang,BA,00076,160905,3,3,3,4,3,,,,,,,,,,,,,,,,,,,,
Arts & Social Sciences,"World Languages, Literatures, & Cultures",Spanish,Inter-University Spanish Lang,BS-Teach,00076,160905,1,1,1,,,,,,,,,,,,,,,,,,,,,,
Arts & Social Sciences,No Dept/Shared,General Studies,,BGS,20405,240102,,6,27,33,36,,,,,,,,,,,,,,,,,,,,
Arts & Social Sciences,No Dept/Shared,International Studies,,BA,02693,302001,2,2,,1,,,,,,,,,,,,,,,,,,,,,
Arts & Social Sciences,No Dept/Shared,International Studies,,MS,00035,302001,12,9,11,10,17,,,,,,,,,,,,,,,,,,,,
Arts & Social Sciences,No Dept/Shared,International Studies,African Studies,BA,02693,302001,1,3,1,,1,,,,,,,,,,,,,,,,,,,,
Arts & Social Sciences,No Dept/Shared,International Studies,East Asian Studies,BA,02693,302001,10,7,4,3,2,,,,,,,,,,,,,,,,,,,,
Arts & Social Sciences,No Dept/Shared,International Studies,European Studies,BA,02693,302001,4,5,2,3,3,,,,,,,,,,,,,,,,,,,,
Arts & Social Sciences,No Dept/Shared,International Studies,Global Studies,BA,02693,302001,9,9,6,7,15,,,,,,,,,,,,,,,,,,,,
Arts & Social Sciences,No Dept/Shared,International Studies,Latin American Studies,BA,02693,302001,3,2,3,3,2,,,,,,,,,,,,,,,,,,,,
Arts & Social Sciences,No Dept/Shared,International Studies,Middle East Studies,BA,02693,302001,1,,,,,,,,,,,,,,,,,,,,,,,,
Arts & Social Sciences,No Dept/Shared,Special Studies,,BA,00087,309999,1,,2,2,,,,,,,,,,,,,,,,,,,,,
Arts & Social Sciences,No Dept/Shared,Special Studies,,BS,00087,309999,,,,,1,,,,,,,,,,,,,,,,,,,,
Arts & Social Sciences,No Dept/Shared,Undecided (Arts & Sciences),,BA,88888,,22,24,16,24,19,,,,,,,,,,,,,,,,,,,,
Arts & Social Sciences,Total,Total,Total,Total,Total,Total,2702,2492,2434,2387,2386,,,,,,,,,,,,,,,,,,,,
Business,Accounting,Accounting,,BS,00036,520301,320,272,271,258,251,,,,,,,,,,,,,,,,,,,,
Business,Accounting,Accounting,,MS,18549,520301,6,7,4,6,9,,,,,,,,,,,,,,,,,,,,
Business,Accounting,Accounting,,OCP,19351,520301,4,,,,,,,,,,,,,,,,,,,,,,,,
Business,Accounting,Accounting,Business Analytics,BS,00036,520301,1,,,,,,,,,,,,,,,,,,,,,,,,
Business,Accounting,Accounting,Business Analytics,MS,18549,520301,29,22,7,,,,,,,,,,,,,,,,,,,,,,
Business,Accounting,Accounting,General-Accounting,MS,18549,520301,33,37,47,45,39,,,,,,,,,,,,,,,,,,,,
Business,Business (Joint Program),Business,,BS,21384,520101,,,,103,203,,,,,,,,,,,,,,,,,,,,
Business,Business (Joint Program),Business,Business,BS,21384,520101,,,,,1,,,,,,,,,,,,,,,,,,,,
Business,Business Analytics (Joint Program),Business Analytics,,BS,21711,307102,,,,8,55,,,,,,,,,,,,,,,,,,,,
Business,Business Analytics (Joint Program),Business Analytics,,OCP,22039,307102,,,,2,3,,,,,,,,,,,,,,,,,,,,
Business,Business Leadership (Joint Program),Business Leadership,,OCP,19978,520213,11,3,4,3,3,,,,,,,,,,,,,,,,,,,,
Business,Finance,Commercial Lending,,OCP,20237,520809,,,1,,,,,,,,,,,,,,,,,,,,,,
Business,Finance,Finance,,BS,02650,520801,253,220,181,163,126,,,,,,,,,,,,,,,,,,,,
Business,Finance,Finance,General Finance,BS,02650,520801,16,33,68,94,116,,,,,,,,,,,,,,,,,,,,
Business,Finance,Finance,Personal Financial Planning,BS,02650,520801,9,10,9,8,16,,,,,,,,,,,,,,,,,,,,
Business,Management & Organization,Management,,BS,00037,520201,112,110,100,92,72,,,,,,,,,,,,,,,,,,,,
Business,Management & Organization,Management,Entrepreneurship,BS,00037,520201,38,44,58,50,37,,,,,,,,,,,,,,,,,,,,
Business,Management & Organization,Management,General Management,BS,00037,520201,153,127,116,98,83,,,,,,,,,,,,,,,,,,,,
Business,Management & Organization,Management,Human Resources,BS,00037,520201,35,25,29,28,31,,,,,,,,,,,,,,,,,,,,
Business,Management & Organization,Management,International Business,BS,00037,520201,1,,1,1,,,,,,,,,,,,,,,,,,,,,
Business,Management & Organization,Management,Small Business Mgt Entrpnrshp,BS,00037,520201,,,,,4,,,,,,,,,,,,,,,,,,,,
Business,Management Information Systems,Management Information Systems,,BS,02380,110401,50,34,77,84,90,,,,,,,,,,,,,,,,,,,,
Business,Management Information Systems,Management Information Systems,Business Analytics,BS,02380,110401,33,29,11,2,,,,,,,,,,,,,,,,,,,,,
Business,Management Information Systems,Management Information Systems,Business Application Develpmnt,BS,02380,110401,6,4,2,2,1,,,,,,,,,,,,,,,,,,,,
Business,Management Information Systems,Management Information Systems,Enterps Resource Planning Syst,BS,02380,110401,6,5,2,1,,,,,,,,,,,,,,,,,,,,,
Business,Management Information Systems,Management Information Systems,General,BS,02380,110401,3,,,,,,,,,,,,,,,,,,,,,,,,
Business,Management Information Systems,Management Information Systems,Individualized,BS,02380,110401,8,11,8,4,1,,,,,,,,,,,,,,,,,,,,
Business,Management Information Systems,Management Information Systems,Informtn Securty & Infrastrctr,BS,02380,110401,15,10,3,1,,,,,,,,,,,,,,,,,,,,,
Business,Marketing,Marketing,,BS,00039,521401,260,244,259,257,248,,,,,,,,,,,,,,,,,,,,
Business,Marketing,Marketing,Informtn Securty & Infrastrctr,BS,00039,521401,1,,,,,,,,,,,,,,,,,,,,,,,,
Business,Master of Business Administration,Master of Business Administration,,MBA,02816,520305,175,153,141,162,155,,,,,,,,,,,,,,,,,,,,
Business,No Dept/Shared,General Studies,,BGS,20405,240102,,2,5,7,9,,,,,,,,,,,,,,,,,,,,
Business,No Dept/Shared,Undecided (Business),,BS,88888,,83,74,81,91,52,,,,,,,,,,,,,,,,,,,,
Business,Total,Total,Total,Total,Total,Total,1661,1476,1485,1570,1605,,,,,,,,,,,,,,,,,,,,
Education,Curriculum & Instruction,Teacher Education,English,MAT,14255,130101,2,2,5,1,,,,,,,,,,,,,,,,,,,,,
Education,Curriculum & Instruction,Teacher Education,History/Social Studies (MAT),MAT,14255,130101,4,3,4,,,,,,,,,,,,,,,,,,,,,,
Education,Curriculum & Instruction,Teacher Education,Modern Language (MAT),MAT,14255,130101,,1,2,1,,,,,,,,,,,,,,,,,,,,,
Education,Curriculum & Instruction,Teacher Education,Science,MAT,14255,130101,3,4,6,1,,,,,,,,,,,,,,,,,,,,,
Education,Curriculum & Instruction,Teacher Education,Special Education K-12 (MAT),MAT,14255,130101,1,,2,1,1,,,,,,,,,,,,,,,,,,,,
Education,Curriculum & Instruction,Teacher Education,Technology&Engineering Ed K-12,MAT,14255,130101,1,,,,,,,,,,,,,,,,,,,,,,,,
Education,Curriculum & Instruction,Teacher Leadership,,MS,05642,130401,28,38,28,20,16,,,,,,,,,,,,,,,,,,,,
Education,Educational Leadership & Instructional Technology,Educational Leadership,,SYC,02597,130401,244,238,249,227,176,,,,,,,,,,,,,,,,,,,,
Education,Educational Leadership & Instructional Technology,Educational Leadership,Higher Education Track - EDD,ED.D,09981,130401,13,7,14,12,24,,,,,,,,,,,,,,,,,,,,
Education,Educational Leadership & Instructional Technology,Educational Leadership,PreK-12 Track - EDD,ED.D,09981,130401,41,39,44,48,44,,,,,,,,,,,,,,,,,,,,
Education,Educational Leadership & Instructional Technology,Educational Technology,,MS,00045,130501,16,27,26,17,15,,,,,,,,,,,,,,,,,,,,
Education,Educational Leadership & Instructional Technology,"Superintendent of Schls, Advan",,PM CERT,14633,130411,15,14,13,11,9,,,,,,,,,,,,,,,,,,,,
Education,"Literacy, Elementary, & Early Childhood Education",Early Childhood and Infant/Toddler Mental Health,,BS,19028,131210,58,62,62,51,40,,,,,,,,,,,,,,,,,,,,
Education,"Literacy, Elementary, & Early Childhood Education",Elementary Education,,BS-Teach,00050,131202,253,223,216,213,224,,,,,,,,,,,,,,,,,,,,
Education,"Literacy, Elementary, & Early Childhood Education",Elementary Education,,GRADCERT,10181,131202,8,10,9,8,3,,,,,,,,,,,,,,,,,,,,
Education,"Literacy, Elementary, & Early Childhood Education",Elementary Education,,MS,00051,131202,,,,,30,,,,,,,,,,,,,,,,,,,,
Education,"Literacy, Elementary, & Early Childhood Education",Elementary Education,Biology (EL),BS-Teach,00050,131202,11,8,10,5,6,,,,,,,,,,,,,,,,,,,,
Education,"Literacy, Elementary, & Early Childhood Education",Elementary Education,Earth Science (EL),BS-Teach,00050,131202,11,11,13,10,5,,,,,,,,,,,,,,,,,,,,
Education,"Literacy, Elementary, & Early Childhood Education",Elementary Education,English,BS-Teach,00050,131202,1,1,,,,,,,,,,,,,,,,,,,,,,,
Education,"Literacy, Elementary, & Early Childhood Education",Reading and Language Arts,,MS,00066,131315,44,38,38,37,30,,,,,,,,,,,,,,,,,,,,
Education,"Literacy, Elementary, & Early Childhood Education",Reading and Language Arts,,PM CERT,10607,131315,2,1,1,1,,,,,,,,,,,,,,,,,,,,,
Education,"Literacy, Elementary, & Early Childhood Education",Reading and Language Arts,,SYC,00067,131315,26,19,32,38,36,,,,,,,,,,,,,,,,,,,,
Education,Special Education & Interventions,Special Education,,BS-Teach,22324,131001,,,,,8,,,,,,,,,,,,,,,,,,,,
Education,Special Education & Interventions,Special Education,,GRADCERT,10180,131001,,1,1,,,,,,,,,,,,,,,,,,,,,,
Education,Special Education & Interventions,Special Education,,MS,00048,131001,2,1,,,,,,,,,,,,,,,,,,,,,,,
Education,Special Education & Interventions,Special Education,For Special Education Teachers,MS,00048,131001,9,7,3,1,3,,,,,,,,,,,,,,,,,,,,
Education,Special Education & Interventions,Special Education,Inclusion & Transition (SPED),MS,00048,131001,7,8,6,3,4,,,,,,,,,,,,,,,,,,,,
Education,Special Education & Interventions,Special Education,Initial Certification,MS,00048,131001,,,,,97,,,,,,,,,,,,,,,,,,,,
Education,Special Education & Interventions,Special Education,Intl Crt or Tchr Sekng Crs End,MS,00048,131001,118,107,99,101,3,,,,,,,,,,,,,,,,,,,,
Education,Special Education & Interventions,Special Education,Tchrs Seeking Cross-Endorsemnt,MS,00048,131001,,,,,12,,,,,,,,,,,,,,,,,,,,
Education,Special Education & Interventions,Special Education,Techrs Seeking Cross-Endorsmnt,MS,00048,131001,3,1,,,,,,,,,,,,,,,,,,,,,,,
Education,Special Education & Interventions,Transition Specialist,,OCP,18965,131001,1,,,,,,,,,,,,,,,,,,,,,,,,
Education,No Dept/Shared,General Studies,,BGS,20405,240102,,2,2,1,,,,,,,,,,,,,,,,,,,,,
Education,Total,Total,Total,Total,Total,Total,922,873,885,808,786,,,,,,,,,,,,,,,,,,,,
Health & Rehabilitation Sciences,Counselor Education & Family Therapy,Counselor Education,Clinical Professional Counslng,MS,00049,131101,68,62,56,64,88,,,,,,,,,,,,,,,,,,,,
Health & Rehabilitation Sciences,Counselor Education & Family Therapy,Counselor Education,School,MS,00049,131101,64,48,40,35,42,,,,,,,,,,,,,,,,,,,,
Health & Rehabilitation Sciences,Counselor Education & Family Therapy,Counselor Education,Student Development/Higher Ed,MS,00049,131101,44,39,32,36,39,,,,,,,,,,,,,,,,,,,,
Health & Rehabilitation Sciences,Counselor Education & Family Therapy,Marriage & Family Therapy,,MS,06159,511505,118,93,60,48,42,,,,,,,,,,,,,,,,,,,,
Health & Rehabilitation Sciences,Counselor Education & Family Therapy,Professional Counseling,,PM CERT,14631,422803,24,19,21,27,20,,,,,,,,,,,,,,,,,,,,
Health & Rehabilitation Sciences,Nurse Anesthesia Practice,Nurse Anesthesia Practice,,DNAP,18266,513804,1,,,,1,,,,,,,,,,,,,,,,,,,,
Health & Rehabilitation Sciences,Nurse Anesthesia Practice,Nurse Anesthesia Practice,Advanced Specialization (DNAP),DNAP,18266,513804,11,17,13,8,5,,,,,,,,,,,,,,,,,,,,
Health & Rehabilitation Sciences,Nurse Anesthesia Practice,Nurse Anesthesia Practice,Entry Level Specialztn (DNAP),DNAP,18266,513804,59,61,72,80,88,,,,,,,,,,,,,,,,,,,,
Health & Rehabilitation Sciences,Nursing,Nursing,,BSN,14729,513801,225,269,329,383,437,,,,,,,,,,,,,,,,,,,,
Health & Rehabilitation Sciences,Nursing,Nursing (Accelerated),,BSN,22402,513801,,,,,10,,,,,,,,,,,,,,,,,,,,
Health & Rehabilitation Sciences,Nursing,Nursing (RN to BSN),,BSN,00078,513801,15,24,20,28,28,,,,,,,,,,,,,,,,,,,,
Health & Rehabilitation Sciences,Nursing,Nursing: Hospice and Palliative Care,,MSN,19027,513818,12,10,10,12,5,,,,,,,,,,,,,,,,,,,,
Health & Rehabilitation Sciences,Physical Education & Human Performance,Athletic Training,,BS,06923,510913,11,3,1,,,,,,,,,,,,,,,,,,,,,,
Health & Rehabilitation Sciences,Physical Education & Human Performance,Athletic Training,,MS,19546,510913,,,2,6,8,,,,,,,,,,,,,,,,,,,,
Health & Rehabilitation Sciences,Physical Education & Human Performance,Dance Education,,BS,18177,131324,2,6,7,10,16,,,,,,,,,,,,,,,,,,,,
Health & Rehabilitation Sciences,Physical Education & Human Performance,Dance Education,,BS-Teach,18177,131324,17,14,13,10,18,,,,,,,,,,,,,,,,,,,,
Health & Rehabilitation Sciences,Physical Education & Human Performance,Dance Education,Entrepreneurship in Dance,BS,18177,131324,1,,1,1,,,,,,,,,,,,,,,,,,,,,
Health & Rehabilitation Sciences,Physical Education & Human Performance,Exercise Science,,BS,17363,310505,219,221,154,82,42,,,,,,,,,,,,,,,,,,,,
Health & Rehabilitation Sciences,Physical Education & Human Performance,Exercise Science,Clinical Exercise Physiology,BS,17363,310505,,,10,16,24,,,,,,,,,,,,,,,,,,,,
Health & Rehabilitation Sciences,Physical Education & Human Performance,Exercise Science,Health Sciences,BS,17363,310505,,,39,78,106,,,,,,,,,,,,,,,,,,,,
Health & Rehabilitation Sciences,Physical Education & Human Performance,Exercise Science,Strength & Cond./Personal Fit.,BS,17363,310505,,,33,79,84,,,,,,,,,,,,,,,,,,,,
Health & Rehabilitation Sciences,Physical Education & Human Performance,Physical Education,,BS-Teach,00064,131314,83,76,72,84,83,,,,,,,,,,,,,,,,,,,,
Health & Rehabilitation Sciences,Physical Education & Human Performance,Physical Education,,GRADCERT,10178,131314,8,18,21,16,18,,,,,,,,,,,,,,,,,,,,
Health & Rehabilitation Sciences,Physical Education & Human Performance,Physical Education,Exercise Science,MS,00065,131314,13,11,14,14,10,,,,,,,,,,,,,,,,,,,,
Health & Rehabilitation Sciences,Physical Education & Human Performance,Physical Education,Teaching Physical Education,MS,00065,131314,7,5,6,7,5,,,,,,,,,,,,,,,,,,,,
Health & Rehabilitation Sciences,Social Work,Social Work,,BA,02556,440701,208,196,169,177,202,,,,,,,,,,,,,,,,,,,,
Health & Rehabilitation Sciences,Social Work,Social Work,Advanced Specialization-MSW,MSW,22267,511503,,,,,10,,,,,,,,,,,,,,,,,,,,
Health & Rehabilitation Sciences,Social Work,Social Work,Entry Level Specialization-MSW,MSW,22267,511503,,,,,16,,,,,,,,,,,,,,,,,,,,
Health & Rehabilitation Sciences,No Dept/Shared,General Studies,,BGS,20405,240102,,,,,2,,,,,,,,,,,,,,,,,,,,
Health & Rehabilitation Sciences,Total,Total,Total,Total,Total,Total,1210,1192,1195,1301,1449,,,,,,,,,,,,,,,,,,,,
"Engineering, Science & Technology",Biochemistry (Joint Program),Biochemistry,,BS,13670,260202,8,6,3,3,3,,,,,,,,,,,,,,,,,,,,
"Engineering, Science & Technology",Biochemistry (Joint Program),Biochemistry,Biochemistry-Certified Track,BS,13670,260202,5,2,6,6,5,,,,,,,,,,,,,,,,,,,,
"Engineering, Science & Technology",Biochemistry (Joint Program),Biochemistry,Biochemistry-General Track,BS,13670,260202,14,16,10,13,11,,,,,,,,,,,,,,,,,,,,
"Engineering, Science & Technology",Biology,Biological Sciences,Ecology and Environmental Sci,MA,00083,260101,4,6,4,8,7,,,,,,,,,,,,,,,,,,,,
"Engineering, Science & Technology",Biology,Biological Sciences,General-Bio,MA,00083,260101,,2,1,,,,,,,,,,,,,,,,,,,,,,
"Engineering, Science & Technology",Biology,Biological Sciences,General-Bio,MS,00083,260101,2,2,1,,,,,,,,,,,,,,,,,,,,,,
"Engineering, Science & Technology",Biology,Biological Sciences,Global Sustainability,MA,00083,260101,1,2,2,1,,,,,,,,,,,,,,,,,,,,,
"Engineering, Science & Technology",Biology,Biological Sciences,Health Sciences,MS,00083,260101,5,4,4,2,2,,,,,,,,,,,,,,,,,,,,
"Engineering, Science & Technology",Biology,Biological Sciences,Wildlife and Conservation Bio,MS,00083,260101,2,,,1,3,,,,,,,,,,,,,,,,,,,,
"Engineering, Science & Technology",Biology,Biology,,BS,00082,260101,93,57,29,16,9,,,,,,,,,,,,,,,,,,,,
"Engineering, Science & Technology",Biology,Biology,,BS-Teach,00082,260101,15,7,5,7,12,,,,,,,,,,,,,,,,,,,,
"Engineering, Science & Technology",Biology,Biology,,GRADCERT,10603,260101,5,3,1,,1,,,,,,,,,,,,,,,,,,,,
"Engineering, Science & Technology",Biology,Biology,"Ecology, Biodiversity Evol",BS,00082,260101,18,21,28,29,27,,,,,,,,,,,,,,,,,,,,
"Engineering, Science & Technology",Biology,Biology,Environmental Science,BS,00082,260101,22,22,15,14,6,,,,,,,,,,,,,,,,,,,,
"Engineering, Science & Technology",Biology,Biology,General-Bio,BS,00082,260101,150,128,83,88,81,,,,,,,,,,,,,,,,,,,,
"Engineering, Science & Technology",Biology,Biology,Human Biology,BS,00082,260101,38,51,78,128,124,,,,,,,,,,,,,,,,,,,,
"Engineering, Science & Technology",Biomolecular Sciences,Biomolecular Sciences,,BS,13445,260204,89,52,48,38,48,,,,,,,,,,,,,,,,,,,,
"Engineering, Science & Technology",Biomolecular Sciences,Biomolecular Sciences,,MS,13446,260204,24,19,17,20,22,,,,,,,,,,,,,,,,,,,,
"Engineering, Science & Technology",Biomolecular Sciences,Biomolecular Sciences,Biotechnology,BS,13445,260204,7,6,2,2,1,,,,,,,,,,,,,,,,,,,,
"Engineering, Science & Technology",Biomolecular Sciences,Biomolecular Sciences,Gen: Biomolecular Sciences,BS,13445,260204,24,14,14,19,18,,,,,,,,,,,,,,,,,,,,
"Engineering, Science & Technology",Chemistry & Biochemistry,Chemistry,,BS,00090,400501,6,4,3,5,6,,,,,,,,,,,,,,,,,,,,
"Engineering, Science & Technology",Chemistry & Biochemistry,Chemistry,,BS-Teach,00090,400501,3,4,6,6,3,,,,,,,,,,,,,,,,,,,,
"Engineering, Science & Technology",Chemistry & Biochemistry,Chemistry,Chemistry-Certified Track,BS,00090,400501,8,9,6,9,7,,,,,,,,,,,,,,,,,,,,
"Engineering, Science & Technology",Chemistry & Biochemistry,Chemistry,Chemistry-General Track,BS,00090,400501,11,12,16,10,11,,,,,,,,,,,,,,,,,,,,
"Engineering, Science & Technology",Computer Electronics & Graphics Technology,Computer Engineering Technology,,BS,13269,151201,98,83,74,82,89,,,,,,,,,,,,,,,,,,,,
"Engineering, Science & Technology",Computer Electronics & Graphics Technology,Electrical Engineering,,BS,19943,141001,3,15,30,38,57,,,,,,,,,,,,,,,,,,,,
"Engineering, Science & Technology",Computer Electronics & Graphics Technology,Electronics Technology,,BS,09933,150303,26,33,23,17,17,,,,,,,,,,,,,,,,,,,,
"Engineering, Science & Technology",Computer Electronics & Graphics Technology,Graphics Technology,,BS,17362,110801,14,10,13,15,11,,,,,,,,,,,,,,,,,,,,
"Engineering, Science & Technology",Computer Electronics & Graphics Technology,Networking Information Technology,,BS,17364,111001,86,79,59,61,72,,,,,,,,,,,,,,,,,,,,
"Engineering, Science & Technology",Computer Information Technology (Joint Program),Computer Information Technology,,MS,06901,110103,1,,,,,,,,,,,,,,,,,,,,,,,,
"Engineering, Science & Technology",Computer Information Technology (Joint Program),Computer Information Technology,Computer Science,MS,06901,110103,22,16,17,19,13,,,,,,,,,,,,,,,,,,,,
"Engineering, Science & Technology",Computer Information Technology (Joint Program),Computer Information Technology,Netwrkng Telecomm Technology,MS,06901,110103,11,4,8,10,11,,,,,,,,,,,,,,,,,,,,
"Engineering, Science & Technology",Computer Science,Computer Science,,BA,22357,110101,,,,,9,,,,,,,,,,,,,,,,,,,,
"Engineering, Science & Technology",Computer Science,Computer Science,,BS,00043,110101,222,151,117,103,75,,,,,,,,,,,,,,,,,,,,
"Engineering, Science & Technology",Computer Science,Computer Science,"Artificial Intelligence, CS-BA",BA,22357,110101,,,,,1,,,,,,,,,,,,,,,,,,,,
"Engineering, Science & Technology",Computer Science,Computer Science,"Artificial Intelligence, CS-BS",BS,00043,110101,,,,,1,,,,,,,,,,,,,,,,,,,,
"Engineering, Science & Technology",Computer Science,Computer Science,"CS-Honors, Cybersecurity",BS,00043,110101,20,18,25,28,14,,,,,,,,,,,,,,,,,,,,
"Engineering, Science & Technology",Computer Science,Computer Science,"CS-Honors, General",BS,00043,110101,62,86,97,99,50,,,,,,,,,,,,,,,,,,,,
"Engineering, Science & Technology",Computer Science,Computer Science,"CSC-Alternative, Cybersecurity",BS,00043,110101,20,22,45,59,30,,,,,,,,,,,,,,,,,,,,
"Engineering, Science & Technology",Computer Science,Computer Science,"CSC-Alternative, General",BS,00043,110101,36,42,96,135,79,,,,,,,,,,,,,,,,,,,,
"Engineering, Science & Technology",Computer Science,Computer Science,Cybersecurity (CS - BA),BA,22357,110101,,,,,15,,,,,,,,,,,,,,,,,,,,
"Engineering, Science & Technology",Computer Science,Computer Science,Cybersecurity (CS-BS),BS,00043,110101,,,,,6,,,,,,,,,,,,,,,,,,,,
"Engineering, Science & Technology",Computer Science,Computer Science,General (CS - BA),BA,22357,110101,,,,,58,,,,,,,,,,,,,,,,,,,,
"Engineering, Science & Technology",Computer Science,Computer Science,General (CS-BS),BS,00043,110101,,,,,45,,,,,,,,,,,,,,,,,,,,
"Engineering, Science & Technology",Computer Science,Computer Science,General (Cybersecurity),BS,00043,110101,1,,,,,,,,,,,,,,,,,,,,,,,,
"Engineering, Science & Technology",Computer Science,Computer Science,Software Engineering (CS-BA),BA,22357,110101,,,,,5,,,,,,,,,,,,,,,,,,,,
"Engineering, Science & Technology",Computer Science,Computer Science,Software Engineering (CS-BS),BS,00043,110101,,,,,10,,,,,,,,,,,,,,,,,,,,
"Engineering, Science & Technology",Computer Science,Software Engineering,,MS,18966,140903,17,16,13,12,14,,,,,,,,,,,,,,,,,,,,
"Engineering, Science & Technology",Computer Science,Software Engineering,,OCP,20622,140903,,,,,1,,,,,,,,,,,,,,,,,,,,
"Engineering, Science & Technology",Cybersecurity (Joint Program),Cybersecurity,,BS,19464,111003,22,27,30,24,26,,,,,,,,,,,,,,,,,,,,
"Engineering, Science & Technology",Cybersecurity (Joint Program),Cybersecurity,Cyber Defense,BS,19464,111003,32,45,38,42,57,,,,,,,,,,,,,,,,,,,,
"Engineering, Science & Technology",Cybersecurity (Joint Program),Cybersecurity,Cyber Operations,BS,19464,111003,8,5,13,11,12,,,,,,,,,,,,,,,,,,,,
"Engineering, Science & Technology",Cybersecurity (Joint Program),Cybersecurity,General (Cybersecurity),BS,19464,111003,23,33,43,61,69,,,,,,,,,,,,,,,,,,,,
"Engineering, Science & Technology",Earth & Space Sciences,Earth Science,,BS,00092,400601,3,2,1,2,1,,,,,,,,,,,,,,,,,,,,
"Engineering, Science & Technology",Earth & Space Sciences,Earth Science,,BS-Teach,00092,400601,3,2,3,3,4,,,,,,,,,,,,,,,,,,,,
"Engineering, Science & Technology",Earth & Space Sciences,Earth Science,Environmental Earth Science,BS,00092,400601,10,14,14,20,16,,,,,,,,,,,,,,,,,,,,
"Engineering, Science & Technology",Earth & Space Sciences,Earth Science,Environmental Geology,BS,00092,400601,7,5,6,7,8,,,,,,,,,,,,,,,,,,,,
"Engineering, Science & Technology",Earth & Space Sciences,Earth Science,General Earth Science,BS,00092,400601,3,4,2,4,5,,,,,,,,,,,,,,,,,,,,
"Engineering, Science & Technology",Earth & Space Sciences,Earth Science,Geology,BS,00092,400601,10,4,2,7,4,,,,,,,,,,,,,,,,,,,,
"Engineering, Science & Technology",Earth & Space Sciences,Earth Science,Planetary Geology,BS,00092,400601,4,3,3,4,4,,,,,,,,,,,,,,,,,,,,
"Engineering, Science & Technology",Earth & Space Sciences,Science Education,,GRADCERT,10176,131316,2,2,,2,2,,,,,,,,,,,,,,,,,,,,
"Engineering, Science & Technology",Engineering,Civil Engineering,,BS,15032,140801,85,97,98,106,108,,,,,,,,,,,,,,,,,,,,
"Engineering, Science & Technology",Engineering,Manufacturing Engineering Technology,,BS,02365,150613,60,62,56,49,51,,,,,,,,,,,,,,,,,,,,
"Engineering, Science & Technology",Engineering,Mechanical Engineering,,BS,14202,141901,64,50,48,37,38,,,,,,,,,,,,,,,,,,,,
"Engineering, Science & Technology",Engineering,Mechanical Engineering,Aerospace,BS,14202,141901,26,31,43,38,51,,,,,,,,,,,,,,,,,,,,
"Engineering, Science & Technology",Engineering,Mechanical Engineering,"Controls, Dynamics & Aerospace",MS,19967,141901,,1,,,,,,,,,,,,,,,,,,,,,,,
"Engineering, Science & Technology",Engineering,Mechanical Engineering,General,BS,14202,141901,146,133,126,132,138,,,,,,,,,,,,,,,,,,,,
"Engineering, Science & Technology",Engineering,Mechanical Engineering,Manufacturing,BS,14202,141901,11,14,31,31,29,,,,,,,,,,,,,,,,,,,,
"Engineering, Science & Technology",Engineering,Mechanical Engineering,"Mechanical Des, Mater & Mfg",MS,19967,141901,,8,9,9,4,,,,,,,,,,,,,,,,,,,,
"Engineering, Science & Technology",Engineering,Mechanical Engineering,Thermo-Fluids and Energy,MS,19967,141901,,,,,1,,,,,,,,,,,,,,,,,,,,
"Engineering, Science & Technology",Engineering,Mechanical Engineering Technology,,BS,02813,150805,175,153,144,153,165,,,,,,,,,,,,,,,,,,,,
"Engineering, Science & Technology",Manufacturing & Construction Management,Construction Management,,BS,10186,522001,209,207,202,192,209,,,,,,,,,,,,,,,,,,,,
"Engineering, Science & Technology",Manufacturing & Construction Management,Construction Management,,MS,14421,522001,25,24,23,21,21,,,,,,,,,,,,,,,,,,,,
"Engineering, Science & Technology",Manufacturing & Construction Management,Construction Management,,OCP,14628,522001,5,4,1,6,12,,,,,,,,,,,,,,,,,,,,
"Engineering, Science & Technology",Manufacturing & Construction Management,Environmental Health/Safety,,OCP,14629,512202,1,2,,,,,,,,,,,,,,,,,,,,,,,
"Engineering, Science & Technology",Manufacturing & Construction Management,Lean Manufact. and Six Sigma,,OCP,14630,150702,2,,1,1,,,,,,,,,,,,,,,,,,,,,
"Engineering, Science & Technology",Manufacturing & Construction Management,Manufacturing Management,,BS,18000,520205,47,49,50,41,39,,,,,,,,,,,,,,,,,,,,
"Engineering, Science & Technology",Manufacturing & Construction Management,Robotics/Mechatronics Engineering Technology,,BS,16962,150405,49,51,51,33,36,,,,,,,,,,,,,,,,,,,,
"Engineering, Science & Technology",Manufacturing & Construction Management,Supply Chain and Logistics,,OCP,14634,520203,1,,,,1,,,,,,,,,,,,,,,,,,,,
"Engineering, Science & Technology",Manufacturing & Construction Management,Supply Chain Logistics Management,,MS,19544,521301,25,20,19,19,17,,,,,,,,,,,,,,,,,,,,
"Engineering, Science & Technology",Manufacturing & Construction Management,Technology Management,,BS,00071,150612,1,27,24,28,28,,,,,,,,,,,,,,,,,,,,
"Engineering, Science & Technology",Manufacturing & Construction Management,Technology Management,,MS,00040,151501,24,27,16,24,32,,,,,,,,,,,,,,,,,,,,
"Engineering, Science & Technology",Manufacturing & Construction Management,Technology Management,Technology Management,BS,00071,150612,18,4,,,,,,,,,,,,,,,,,,,,,,,
"Engineering, Science & Technology",Mathematical Sciences,Data Science,,MS,09328,303001,45,49,47,68,67,,,,,,,,,,,,,,,,,,,,
"Engineering, Science & Technology",Mathematical Sciences,Data Science,,OCP,09289,303001,5,3,4,2,2,,,,,,,,,,,,,,,,,,,,
"Engineering, Science & Technology",Mathematical Sciences,Mathematics,,BA,00084,270101,12,9,14,9,9,,,,,,,,,,,,,,,,,,,,
"Engineering, Science & Technology",Mathematical Sciences,Mathematics,,BS-Teach,00084,270101,21,23,22,26,19,,,,,,,,,,,,,,,,,,,,
"Engineering, Science & Technology",Mathematical Sciences,Mathematics,,GRADCERT,10606,270101,7,12,9,4,4,,,,,,,,,,,,,,,,,,,,
"Engineering, Science & Technology",Mathematical Sciences,Mathematics,Actuarial Science,BA,00084,270101,25,16,13,21,17,,,,,,,,,,,,,,,,,,,,
"Engineering, Science & Technology",Mathematical Sciences,Mathematics,Actuarial Science,MA,00085,270101,3,1,2,3,1,,,,,,,,,,,,,,,,,,,,
"Engineering, Science & Technology",Mathematical Sciences,Mathematics,Computer Science,MA,00085,270101,3,1,2,3,3,,,,,,,,,,,,,,,,,,,,
"Engineering, Science & Technology",Mathematical Sciences,Mathematics,Elementary Mathematics Ed,MS,00085,270101,8,11,12,10,8,,,,,,,,,,,,,,,,,,,,
"Engineering, Science & Technology",Mathematical Sciences,Mathematics,General,BA,00084,270101,11,20,13,17,9,,,,,,,,,,,,,,,,,,,,
"Engineering, Science & Technology",Mathematical Sciences,Mathematics,General,MA,00085,270101,10,8,9,8,3,,,,,,,,,,,,,,,,,,,,
"Engineering, Science & Technology",Mathematical Sciences,Mathematics,Honors,BA,00084,270101,,1,1,2,5,,,,,,,,,,,,,,,,,,,,
"Engineering, Science & Technology",Mathematical Sciences,Mathematics,Secondary Mathematics Ed,MS,00085,270101,12,13,10,8,5,,,,,,,,,,,,,,,,,,,,
"Engineering, Science & Technology",Mathematical Sciences,Mathematics,Statistics,BA,00084,270101,11,8,11,9,9,,,,,,,,,,,,,,,,,,,,
"Engineering, Science & Technology",Mathematical Sciences,Mathematics,Statistics,MA,00085,270101,5,6,4,4,4,,,,,,,,,,,,,,,,,,,,
"Engineering, Science & Technology",Physics & Engineering Physics,Physics,,BS,00094,400801,6,6,4,6,3,,,,,,,,,,,,,,,,,,,,
"Engineering, Science & Technology",Physics & Engineering Physics,Physics,,BS-Teach,00094,400801,3,2,2,3,3,,,,,,,,,,,,,,,,,,,,
"Engineering, Science & Technology",Physics & Engineering Physics,Physics,Biology,BS,00094,400801,,,1,,,,,,,,,,,,,,,,,,,,,,
"Engineering, Science & Technology",Physics & Engineering Physics,Physics,Engineering Physics,BS,00094,400801,3,6,9,7,6,,,,,,,,,,,,,,,,,,,,
"Engineering, Science & Technology",Physics & Engineering Physics,Physics,Finance,BS,00094,400801,2,,,,,,,,,,,,,,,,,,,,,,,,
"Engineering, Science & Technology",Physics & Engineering Physics,Physics,General-Physics,BS,00094,400801,15,15,16,18,14,,,,,,,,,,,,,,,,,,,,
"Engineering, Science & Technology",Physics & Engineering Physics,Science Education,,GRADCERT,10176,131316,,1,,,,,,,,,,,,,,,,,,,,,,,
"Engineering, Science & Technology",Pre-Health Studies (Joint Program),Pre-Health Studies,,OCP,10169,511199,18,19,12,14,12,,,,,,,,,,,,,,,,,,,,
"Engineering, Science & Technology",STEM (Joint Program),"Science, Technology, Engineering and Math Education",,MS,17396,131309,22,20,17,13,6,,,,,,,,,,,,,,,,,,,,
"Engineering, Science & Technology",Technology & Engineering Education,Technology and Engineering Ed K-12,,BS-Teach,00058,131309,28,19,16,15,16,,,,,,,,,,,,,,,,,,,,
"Engineering, Science & Technology",Technology & Engineering Education,Technology and Engineering Ed K-12,,GRADCERT,10185,131309,6,4,1,3,5,,,,,,,,,,,,,,,,,,,,
"Engineering, Science & Technology",No Dept/Shared,General Studies,,BGS,20405,240102,,,5,15,7,,,,,,,,,,,,,,,,,,,,
"Engineering, Science & Technology",No Dept/Shared,Special Studies,,BS,00087,309999,1,,,,,,,,,,,,,,,,,,,,,,,,
"Engineering, Science & Technology",No Dept/Shared,Undecided (Engineering & Technology),,BS,88888,,30,17,27,31,27,,,,,,,,,,,,,,,,,,,,
"Engineering, Science & Technology",Total,Total,Total,Total,Total,Total,2606,2424,2379,2529,2542,,,,,,,,,,,,,,,,,,,,
NoSchool or Inter-School,No Dept/Shared,Exchange Student-GR,,,99999,,,1,2,,,,,,,,,,,,,,,,,,,,,,
NoSchool or Inter-School,No Dept/Shared,Exchange Student-UG,,,99999,,,8,7,7,11,,,,,,,,,,,,,,,,,,,,
NoSchool or Inter-School,No Dept/Shared,General Studies,,BGS,20405,240102,,4,6,4,9,,,,,,,,,,,,,,,,,,,,
NoSchool or Inter-School,No Dept/Shared,Non-Matriculated Student-GR,,,99999,,113,105,109,109,82,,,,,,,,,,,,,,,,,,,,
NoSchool or Inter-School,No Dept/Shared,Non-Matriculated Student-UG,,,99999,,185,152,208,363,977,,,,,,,,,,,,,,,,,,,,
NoSchool or Inter-School,No Dept/Shared,Undecided,,00,88888,,230,171,181,188,192,,,,,,,,,,,,,,,,,,,,
NoSchool or Inter-School,Total,Total,Total,Total,Total,Total,528,441,513,671,1271,,,,,,,,,,,,,,,,,,,,
University Total,Total,Total,Total,Total,Total,Total,9629,8898,8891,9266,10039,,,,,,,,,,,,,,,,,,,,
,,,,,,,,,,,,,,,,,,,,,,,,,,,,,,,
,,,,,,,,,,,,,,,,,,,,,,,,,,,,,,,
,,,,,,,,,,,,,,,,,,,,,,,,,,,,,,,
,,,,,,,,,,,,,,,,,,,,,,,,,,,,,,,
,,,,,,,,,,,,,,,,,,,,,,,,,,,,,,,
,,,,,,,,,,,,,,,,,,,,,,,,,,,,,,,
,,,,,,,,,,,,,,,,,,,,,,,,,,,,,,,
,,,,,,,,,,,,,,,,,,,,,,,,,,,,,,,
,,,,,,,,,,,,,,,,,,,,,,,,,,,,,,,
,,,,,,,,,,,,,,,,,,,,,,,,,,,,,,,
,,,,,,,,,,,,,,,,,,,,,,,,,,,,,,,
,,,,,,,,,,,,,,,,,,,,,,,,,,,,,,,
,,,,,,,,,,,,,,,,,,,,,,,,,,,,,,,
,,,,,,,,,,,,,,,,,,,,,,,,,,,,,,,
,,,,,,,,,,,,,,,,,,,,,,,,,,,,,,,
,,,,,,,,,,,,,,,,,,,,,,,,,,,,,,,
,,,,,,,,,,,,,,,,,,,,,,,,,,,,,,,
,,,,,,,,,,,,,,,,,,,,,,,,,,,,,,,
,,,,,,,,,,,,,,,,,,,,,,,,,,,,,,,
,,,,,,,,,,,,,,,,,,,,,,,,,,,,,,,
,,,,,,,,,,,,,,,,,,,,,,,,,,,,,,,
,,,,,,,,,,,,,,,,,,,,,,,,,,,,,,,
,,,,,,,,,,,,,,,,,,,,,,,,,,,,,,,
,,,,,,,,,,,,,,,,,,,,,,,,,,,,,,,
,,,,,,,,,,,,,,,,,,,,,,,,,,,,,,,
,,,,,,,,,,,,,,,,,,,,,,,,,,,,,,,
,,,,,,,,,,,,,,,,,,,,,,,,,,,,,,,
,,,,,,,,,,,,,,,,,,,,,,,,,,,,,,,
,,,,,,,,,,,,,,,,,,,,,,,,,,,,,,,
,,,,,,,,,,,,,,,,,,,,,,,,,,,,,,,
,,,,,,,,,,,,,,,,,,,,,,,,,,,,,,,
,,,,,,,,,,,,,,,,,,,,,,,,,,,,,,,
,,,,,,,,,,,,,,,,,,,,,,,,,,,,,,,
,,,,,,,,,,,,,,,,,,,,,,,,,,,,,,,
,,,,,,,,,,,,,,,,,,,,,,,,,,,,,,,
,,,,,,,,,,,,,,,,,,,,,,,,,,,,,,,
,,,,,,,,,,,,,,,,,,,,,,,,,,,,,,,
,,,,,,,,,,,,,,,,,,,,,,,,,,,,,,,
,,,,,,,,,,,,,,,,,,,,,,,,,,,,,,,
,,,,,,,,,,,,,,,,,,,,,,,,,,,,,,,
,,,,,,,,,,,,,,,,,,,,,,,,,,,,,,,
,,,,,,,,,,,,,,,,,,,,,,,,,,,,,,,
,,,,,,,,,,,,,,,,,,,,,,,,,,,,,,,
,,,,,,,,,,,,,,,,,,,,,,,,,,,,,,,
,,,,,,,,,,,,,,,,,,,,,,,,,,,,,,,
,,,,,,,,,,,,,,,,,,,,,,,,,,,,,,,
,,,,,,,,,,,,,,,,,,,,,,,,,,,,,,,
,,,,,,,,,,,,,,,,,,,,,,,,,,,,,,,
,,,,,,,,,,,,,,,,,,,,,,,,,,,,,,,
,,,,,,,,,,,,,,,,,,,,,,,,,,,,,,,
,,,,,,,,,,,,,,,,,,,,,,,,,,,,,,,
,,,,,,,,,,,,,,,,,,,,,,,,,,,,,,,
,,,,,,,,,,,,,,,,,,,,,,,,,,,,,,,
,,,,,,,,,,,,,,,,,,,,,,,,,,,,,,,
,,,,,,,,,,,,,,,,,,,,,,,,,,,,,,,
,,,,,,,,,,,,,,,,,,,,,,,,,,,,,,,
,,,,,,,,,,,,,,,,,,,,,,,,,,,,,,,
,,,,,,,,,,,,,,,,,,,,,,,,,,,,,,,
,,,,,,,,,,,,,,,,,,,,,,,,,,,,,,,
,,,,,,,,,,,,,,,,,,,,,,,,,,,,,,,
,,,,,,,,,,,,,,,,,,,,,,,,,,,,,,,
,,,,,,,,,,,,,,,,,,,,,,,,,,,,,,,
,,,,,,,,,,,,,,,,,,,,,,,,,,,,,,,
